Category,Market Cap,24h Volume,24h % Change
Smart Contract Platform,2423631617762.0,82321713992.0,-0.91
Layer 1 (L1),2386693397459.0,78409673352.0,-0.93
Proof of Work (PoW),1721912564416.0,43738071156.0,-0.38
World Liberty Financial Portfolio,623453951936.0,122479110283.0,-1.39
Proof of Stake (PoS),561139547705.0,31629896474.0,-2.61
Made in USA,334657127973.0,43644409478.0,-1.74
Stablecoins,292316205010.0,103366910301.0,-0.23
USD Stablecoin,289551293756.0,103256177191.0,-0.23
Fiat-backed Stablecoin,277771567494.0,101630092452.0,-0.18
Exchange-based Tokens,165089382666.0,5420784967.0,-2.58
Alleged SEC Securities,147568739427.0,4167724868.0,-2.71
Made in China,144199168768.0,2027811169.0,-2.42
Centralized Exchange (CEX) Token,129745919751.0,1710434075.0,-2.59
Base Native,114103099960.0,27545840914.0,-0.82
Decentralized Finance (DeFi),84406913899.0,8299157965.0,-1.3
CoinList Launchpad,80814437987.0,8391781103.0,-4.05
MiCA-Compliant Stablecoin,73819998917.0,23187696296.0,-0.71
GENIUS Act Compliant Stablecoin,73276043483.0,23220614088.0,-0.72
Privacy,56667266475.0,5064085815.0,-1.92
Real World Assets (RWA),52855622731.0,3424501397.0,0.15
Governance,49932866600.0,5129052136.0,-0.63
Decentralized Exchange (DEX),36804540241.0,3939951582.0,-2.4
Meme,32295126997.0,3111301080.0,-2.28
Privacy Coins,31702648179.0,1646752980.0,-1.46
Infrastructure,29549007934.0,2748241773.0,0.03
Perpetuals,25904767418.0,2034636825.0,-0.82
Zero Knowledge (ZK),25303246535.0,2390375331.0,-0.08
Artificial Intelligence (AI),24494504699.0,3722776113.0,-3.71
Tokenized Private Credit,24391242028.0,28010562.0,1.41
Binance Alpha Spotlight,24132446929.0,2600368088.0,0.91
Tokenized Assets,23948564170.0,1478234525.0,0.58
Quantum-Resistant,22786697243.0,2214195210.0,-0.41
Derivatives,21903559159.0,1592074059.0,-0.62
Privacy Infrastructure,19181626573.0,2940576594.0,-2.9
Dog-Themed,18092413267.0,1357815944.0,-2.16
Chain Abstraction,16158425407.0,2101035218.0,-4.8
4chan-Themed,16143724852.0,1466237765.0,-2.63
Yield Farming,15107160121.0,1811756501.0,-0.67
YZi Labs (Prev. Binance Labs) Portfolio,14940934445.0,3168001753.0,-2.06
RWA Protocol,13461802696.0,1019373995.0,-0.1
Elon Musk-Inspired,13395819162.0,1073988041.0,-2.7
Cross-chain Communication,11784830249.0,821700829.0,-0.86
Automated Market Maker (AMM),11093032890.0,1859854488.0,-4.53
Oracle,10977322907.0,970413067.0,-0.3
DePIN,10757041584.0,1204416024.0,-0.46
Layer 2 (L2),10728323262.0,1545307918.0,2.05
x402 Ecosystem,10657605758.0,658072282.0,-1.31
Stablecoin Issuer,10060713186.0,1174668135.0,-2.67
Tokenized Treasuries,9428984925.0,6112349.0,-0.14
Binance Launchpool,9073620745.0,1937083447.0,-2.36
Privacy Blockchain,8517478165.0,805779546.0,1.89
Index Coop Defi Index,8081642921.0,1890481436.0,-3.73
Gambling (GambleFi),8006896867.0,26614100.0,-3.74
Options,7819207785.0,87758929.0,-3.21
Prediction Markets,7421044192.0,28442919.0,-4.51
Data Availability,7418558213.0,1867623028.0,-8.34
Launchpad,7082765496.0,1348943882.0,-5.11
Trump-Affiliated,6624912233.0,1541765424.0,-2.44
Tokenized Commodities,6228926619.0,480880246.0,1.58
Bitcoin Fork,6170966233.0,309404699.0,-4.93
Tokenized Gold,5963270375.0,468113291.0,1.7
Lending/Borrowing Protocols,5884701799.0,547172837.0,-3.16
NFT,5649459285.0,933350389.0,-0.64
Directed Acyclic Graph (DAG),5523654125.0,207741146.0,-0.65
Crypto-backed Stablecoin,4897028770.0,406262388.0,-0.9
Layer 0 (L0),4881149539.0,566649233.0,3.56
Gaming (GameFi),4004102341.0,599805256.0,-0.06
Crypto Card Issuer,3880399592.0,17322270.0,-2.32
AI Agents,3734572943.0,861852423.0,-2.84
Solana Meme,3426843809.0,747591870.0,-1.64
SocialFi,3201696945.0,442258484.0,-2.91
Tokenized Money Market Fund (MMFs),3163038317.0,0.0,-0.33
Wallets,3067923148.0,82135627.0,3.38
AI Applications,3011063101.0,297195281.0,-1.85
Yield-Bearing Stablecoin,2935837676.0,31336699.0,0.05
Neobank,2930581139.0,186518755.0,-3.14
Binance Launchpad,2810885622.0,755023219.0,-1.87
Binance HODLer Airdrops,2801163511.0,517701392.0,1.13
Yield-Bearing Tokens,2724665355.0,14387641.0,0.05
Rollup,2656306349.0,959566656.0,9.47
Decentralized Identifier (DID),2579854506.0,359591340.0,-1.73
Binance Wallet IDO,2551092523.0,228986802.0,-0.01
Metaverse,2517936333.0,361250438.0,-3.07
Tokenized Stocks,2479433064.0,782564527.0,1.23
Optimism Superchain Ecosystem,2338291038.0,432436964.0,-3.62
US Treasury-backed Stablecoin,2321217913.0,6328802.0,0.15
Payment Solutions,2310313440.0,198228977.0,-1.54
Frog-Themed,2226747057.0,387085870.0,-2.39
The Boy’s Club,2096904104.0,338096737.0,-2.45
Storage,2046583712.0,282107725.0,0.58
Play To Earn,1958439548.0,299825962.0,-1.24
Synthetic Dollar,1931763993.0,63933302.0,-0.68
AI Framework,1928824924.0,263960698.0,-2.92
Analytics,1880662191.0,263811013.0,4.96
SideChain,1800877660.0,528531578.0,11.95
Tokenized Credit,1693923050.0,0.0,0.04
Morpho Ecosystem,1689889883.0,32089194.0,-4.9
Liquid Staking,1672423767.0,664101445.0,-3.01
Algorithmic Stablecoin,1638982602.0,7231052.0,-2.14
Dex Aggregator,1572793248.0,207989867.0,-3.01
Restaking,1477329224.0,285786982.0,-3.19
Masternodes,1458142304.0,106585900.0,1.02
Bitcoin Sidechains,1446781128.0,525481676.0,16.42
AI Agent Launchpad,1370667353.0,334789251.0,-2.85
Pump.fun Ecosystem,1348145490.0,223761638.0,-0.69
Internet of Things (IOT),1280008065.0,59109499.0,-1.54
Bittensor Subnets,1257740254.0,30439448.0,-3.41
Venice Ecosystem,1231231068.0,131069206.0,-7.49
Gaming Blockchains,1150870800.0,224516947.0,1.89
Liquid Staking Governance Tokens,1122933669.0,173930320.0,-3.18
Liquid Restaking Governance Tokens,1098051246.0,184704386.0,-3.38
Ondo Tokenized Assets,1004815851.0,154567575.0,1.38
Mobile Mining,993108764.0,11775719.0,-0.86
Tradable Ecosystem,978569054.0,0.0,0.0
Name Service,943654665.0,34099801.0,4.55
DeFAI,894804178.0,120849566.0,10.82
Robotics,878109880.0,117384419.0,-3.12
BackedFi xStocks Ecosystem,854533960.0,118170297.0,1.41
Parallelized EVM,845942679.0,117167887.0,-2.95
IP Meme,844965066.0,206526217.0,-4.28
BTCfi Protocol,835910210.0,156649534.0,-3.04
Gaming Utility Token,818051768.0,272860967.0,-2.17
Curve Ecosystem,803770233.0,383004007.0,-9.95
Superstate Ecosystem,790813967.0,0.0,-0.71
bStocks Ecosystem,789659329.0,386529064.0,2.28
EUR Stablecoin,783199424.0,78130091.0,0.23
Airdropped Tokens by NFT Projects,762222709.0,199453274.0,-4.66
Chinese Meme,751339029.0,40084866.0,-2.05
Four.meme Ecosystem (BNB Memes),748346093.0,65287681.0,-0.86
Modular Blockchain,720897589.0,415966929.0,4.92
PolitiFi,697910060.0,199996497.0,-1.26
Ether.fi Ecosystem,689915036.0,115792057.0,-1.65
Cat-Themed,685866780.0,98151828.0,-2.89
VPN,672462239.0,3356935.0,8.64
Tokenized Exchange-Traded Product (ETPs),588444074.0,173856702.0,-0.41
Tokenized Exchange-Traded Funds (ETFs),588416395.0,173854752.0,-0.41
MEV Protection,585363390.0,10832911.0,0.38
Virtuals Protocol Ecosystem,555049472.0,111420123.0,-4.72
Bridge Governance Tokens,547943254.0,79211058.0,-1.81
Telegram Apps,524069522.0,50068801.0,-0.39
Gaming Governance Token,522706792.0,74109620.0,-2.31
Robinhood Chain Meme,514777310.0,106059636.0,0.43
Entertainment,500502750.0,58254081.0,-1.63
AI Meme,499404476.0,99106827.0,-1.33
LSDFi,482565082.0,93075626.0,-5.28
Murad Picks,479215625.0,33480220.0,-3.1
RUB Stablecoin,461135515.0,299.0,1.25
Buidlpad Launchpad,451503076.0,26189386.0,-0.55
Bridged-Tokens,436988458.0,2308357682.0,-3.43
Echo Launchpad,425249173.0,52111375.0,-1.57
Simulation Games,412060259.0,147622843.0,-5.37
Fixed Interest,393694294.0,79875627.0,-6.19
CeFi,386052136.0,6322869.0,0.05
Sports,383256183.0,66642165.0,-4.02
RPG,376986241.0,64974620.0,-0.66
Stock market-themed,374943090.0,14407664.0,-3.7
LRTfi,373192435.0,75993068.0,-6.59
Yield Tokenization Protocol,372459424.0,75971543.0,-6.65
Decentralized Science (DeSci),370104194.0,19968275.0,-0.48
Crypto-Backed Tokens,365053451.0,2529871581.0,-0.05
TimeFi,362027634.0,4874974.0,2.02
Yield Aggregator,357193255.0,283843922.0,-8.17
Account Abstraction,356194345.0,128099764.0,-1.45
Intent,323557825.0,35195487.0,1.4
Synthetic Issuer,306598098.0,18913208.0,-2.81
Synthetic,302158747.0,27680898.0,-2.83
Gaming Platform,300094393.0,44990895.0,-0.63
TokenFi Launchpad,290989788.0,29411101.0,-0.76
Base Meme,290802325.0,23009562.0,-3.18
InfoFi,280218010.0,29919660.0,0.58
On-chain Gaming,275619773.0,29048361.0,-0.99
Seigniorage,275611459.0,2941677.0,-0.25
Pons Launchpad,274102461.0,82541521.0,-9.86
Trading Card RWA Platform,273232071.0,19487715.0,6.78
Breeding,270309927.0,22362147.0,-2.5
Midas Liquid Yield Tokens,263919265.0,0.0,-0.12
Card Games,249261648.0,26544054.0,-2.33
Avalanche L1,248356121.0,26515158.0,4.41
Gaming Marketplace,240127529.0,29691321.0,21.86
Bank-Issued Stablecoin,237876631.0,32143966.0,5.83
Axie Infinity Ecosystem,228308961.0,23624328.0,-2.2
Tokenized Silver,226702151.0,205291.0,-0.48
Yield Optimizer,225098763.0,14282813.0,-10.87
BONK.fun Ecosystem,209955131.0,29691531.0,-1.32
Cybersecurity,202965601.0,15369457.0,-0.4
Wojak-Themed,200842934.0,5278262.0,6.12
Rollups-as-a-Service (RaaS),200140882.0,43505188.0,0.26
Metagovernance,192725657.0,12222244.0,-11.93
Communication,189702298.0,13558482.0,0.47
Securitize Ecosystem,186673220.0,0.0,3.08
Insurance,186474546.0,13676660.0,-2.06
Synthetic Asset,186089603.0,4880915.0,0.06
Terminal of Truths,182030212.0,49187050.0,2.66
Appchains,181173944.0,119950567.0,2.72
Impossible Finance Launchpad,179550588.0,16868987.0,-4.76
Hybrid Token Standards,175679593.0,3629266.0,4.17
Quest-to-Earn,174835757.0,12038963.0,56.73
NFT Marketplace,171655349.0,29592356.0,-2.68
JPY Stablecoin,155692592.0,2356971.0,-1.15
Yearn Ecosystem,151899099.0,15054721.0,-2.28
Inscriptions,148832691.0,26418138.0,-3.41
Robinhood Chain Stocks Ecosystem,148618212.0,136239659.0,-1.14
Fan Token,146771073.0,33822441.0,-5.68
Reality Ecosystem,139929831.0,41057160.0,-3.45
NFTFi,135994038.0,9978147.0,-3.78
Nest Ecosystem,134253246.0,0.0,3.18
Remora Markets Tokenized rStocks,133542062.0,33527840.0,-0.41
Arcade Games,129941017.0,8972542.0,-3.02
Celebrity-Themed,129655260.0,2623674.0,0.28
Long Launchpad,128047803.0,23208867.0,-17.96
Parody Meme,121988096.0,9434362.0,-2.54
TON Meme,120815790.0,10461408.0,-1.93
Energy,120415996.0,3215004.0,-1.45
Runes,117508032.0,740647.0,1.98
Bitcoin Meme,116862058.0,739432.0,2.13
Tokenized Real Estate,115561859.0,13982006.0,1.54
BRC-20,113016517.0,26216697.0,-4.08
Zoo-Themed,110297020.0,22785494.0,-1.98
Capital Launchpad (Kaito),108606446.0,9977573.0,-0.18
Layer 3 (L3),105644160.0,98922984.0,3.51
Olympus Pro Ecosystem,104902135.0,28146709.0,-2.52
Tap to Earn,101686080.0,11375715.0,-1.91
Prediction Market Tools,100771568.0,17981210.0,4.41
Unitas Ecosystem,93648610.0,1930905.0,-0.67
DaoMaker Launchpad,92850385.0,15276127.0,1.04
Clanker Ecosystem,91046735.0,5516858.0,-5.78
Music,86158583.0,46200376.0,1.6
Tokenized Pre-IPO Stocks,83102119.0,4942695.0,24.79
Retail,80294039.0,8875962.0,-0.78
TikTok Meme,80223020.0,20753065.0,6.85
IP,78300273.0,3192319.0,-1.56
Education,70119165.0,22370127.0,3.86
Bridged Stablecoin,69047109.0,1153861879.0,-3.02
Bridged DAI,69028461.0,32751163.0,-3.02
Farcaster Ecosystem,68246930.0,4820106.0,-3.51
Marketing,66435993.0,6713254.0,0.06
Regenerative Finance (ReFi),66270829.0,605714.0,-1.62
Legal,66046556.0,1111423.0,0.13
Tokenized Commodity Exchange-Traded Products (ETPs),64555661.0,16287355.0,0.2
Decentralized Social Media (DeSOC),63172304.0,744773.0,-2.68
E-commerce,63003515.0,2378557.0,-1.37
Charity,62096028.0,1206880.0,-2.15
Ansem.io Ecosystem,61333498.0,5080371.0,0.89
Adventure Games,61167883.0,5017575.0,-0.25
Solana Token-2022,58320810.0,4083907.0,-6.75
Augmented Reality,56318326.0,265254.0,-3.04
Binance Megadrop,55755291.0,9551810.0,0.38
Poolz Finance Launchpad,54821723.0,4260305.0,-3.26
Healthcare,54255934.0,1628969.0,0.07
MMO,51975984.0,14866609.0,-3.06
Memorial Themed,49816161.0,10887242.0,-0.54
CHF Stablecoin,47154921.0,468342.0,-1.05
Trading Bots,47150744.0,2841001.0,-1.76
Action Games,44826038.0,5043573.0,-7.94
Discord Bots,44655445.0,5123081.0,0.24
Tourism,43508052.0,17175108.0,-0.0
Republic Tokenized Pre-IPO Assets,42885049.0,693666.0,-1.41
Strategy Games,41546136.0,22375330.0,-0.55
Rebase Tokens,41286865.0,1456538.0,6.47
Binance Buildkey TGE,41032618.0,9553572.0,1.15
Baseline Ecosystem,40469633.0,1354.0,-0.46
Move To Earn,40230403.0,9779593.0,-1.58
Liquid Staking Tokens,37562238.0,186516053.0,-0.31
Stonk Ecosystem,37318054.0,16088929.0,6.36
Ohm Fork,37020481.0,4203.0,8.09
Game Studio,36805492.0,3467899.0,-4.17
DeFi Index,31897904.0,1059804.0,-3.52
MetaDAO Launchpad,31130474.0,276479.0,-5.23
Sports Games,29933407.0,10006183.0,-4.75
Backpack Securities Ecosystem,29595036.0,33874641.0,-1.06
ChainGPT Launchpad,28734355.0,4855961.0,3.62
Guild and Scholarship,26689621.0,5067497.0,1.5
GBP Stablecoin,26633548.0,343261.0,0.26
Sticker-Themed Coins,26121854.0,432654.0,-1.76
Anime-Themed,24784972.0,3622882.0,-1.01
Pump Fund Portfolio,23767950.0,964369.0,-4.44
Bankr Ecosystem,21134465.0,4356515.0,20.7
PreStocks Ecosystem,20414409.0,2826931.0,-0.67
Hookr.fun Ecosystem,19829414.0,2998018.0,2.09
Cookie Launchpad,19194644.0,1655694.0,1.33
Coinbase Ecosystem,18695209.0,50862562.0,3.02
Sui Meme,18451414.0,3523394.0,-13.5
Shooting Games,17894225.0,4062033.0,-3.32
Believe.app Ecosystem,17767484.0,14239687.0,21.9
Yield Tokenization Product,17058948.0,0.0,-0.28
Mascot-Themed,16593891.0,3019379.0,-1.15
Virtual Reality,14485172.0,423541.0,-2.12
Commodities Meme,14054139.0,90474.0,-16.31
Jupiter DTF Launchpad,13943181.0,935756.0,-1.78
Argus Launchpad,13046765.0,1727438.0,-7.2
SGD Stablecoin,13002280.0,659932.0,0.53
NFT Strategy Flywheel,12733755.0,165712.0,-3.58
NFTStrategy Ecosystem,12489724.0,157349.0,-5.42
Wrapped-Tokens,12244758.0,3043215684.0,-0.6
Dinari Ecosystem,11688296.0,2364000.0,23.43
Fractionalized NFT,11443138.0,290462.0,-3.66
Wall Street Bets Themed,10903685.0,1099751.0,-2.67
IDR Stablecoin,10709100.0,17909.0,930.01
PAAL AI Launchpad,9671317.0,323543.0,-3.35
TokenSets Ecosystem,9239731.0,52846.0,-6.95
AUD Stablecoin,9181971.0,376907.0,-4.91
Metals.io Ecosystem,8985878.0,632958.0,2.06
Tokenized Uranium,8985878.0,632958.0,2.06
Racing Games,8487634.0,144442.0,0.12
Uniswap v4 Hooks,8439247.0,1218630.0,-2.5
Desci Meme,8171439.0,2875659.0,1.52
Reserve Ecosystem,7827784.0,597275.0,1.58
Ondo Intelligent Portfolios,7729273.0,348066.0,4.87
TRON Meme,7338291.0,661010.0,21.59
Aktionariat Ecosystem,6968535.0,1514.0,-0.02
Camelot Launchpad,6357904.0,24830.0,-0.45
CNY Stablecoin,5845179.0,648.0,0.12
NFT Launchpad,5574764.0,6049.0,-2.62
Four.Meme Tokenized Stocks (4Stock),5359248.0,3640357.0,-0.68
RWAfi,5050428.0,271429.0,4.88
Country-Themed Meme,4186874.0,25489.0,-10.15
Leveraged Token,4142319.0,1602009.0,-1.2
Pools Launchpad,3894295.0,360287.0,-14.33
Sun Pump Ecosystem,3527498.0,426276.0,63.63
Gotchiverse,3297006.0,704095.0,-2.3
Tessera Tokenized Pre-IPO Assets,2492319.0,911743.0,-1.97
Commodity-backed Stablecoin,2000163.0,53053.0,2.42
Moonshot Ecosystem,1884482.0,14219.0,-3.24
Moltbook and Openclaw-Themed,1869181.0,1419852.0,-21.02
Wormhole Assets,1782521.0,75286211.0,-15.25
Zora Creator,1716251.0,53481.0,-9.16
Market-Making Solution,1622529.0,53605.0,-43.77
OpenServ Ecosystem,1580221.0,103776.0,-13.94
DRC-20,1502290.0,39.0,-0.24
CreatorBid Ecosystem,1463005.0,4821.0,-1.66
SRC-20,1374604.0,406038.0,0.0
Fighting Games,1359562.0,126434.0,-6.56
BagsApp Ecosystem,1311429.0,43068.0,-28.3
ST0x Ecosystem,1211806.0,271765.0,0.22
Animal Racing,1194783.0,18879.0,-9.07
Pump.fun Creator,1148673.0,9038.0,-25.24
Anchored Ecosystem,1122637.0,52.0,-2.22
Tokenized Non-US Government Securities,1110242.0,32053.0,-0.18
Etherfuse Ecosystem,1110242.0,32053.0,-0.18
ERC 404,1019167.0,241.0,7.3
Orynth Ecosystem,996770.0,6458.0,-28.24
SPL22,985353.0,259.0,-4.12
Christmas Themed,925455.0,27103.0,-5.56
KRW Stablecoin,853786.0,239.0,-0.03
Yoink.fun Launchpad,798388.0,21000.0,-14.82
Zodiac-Themed,771936.0,4210.0,-13.31
Privacy Browser,519461.0,71.0,-3.45
NFT Index,500335.0,481.0,-4.04
RealT Tokens,472938.0,1.0,0.18
MXN Stablecoin,471360.0,2271.0,-1.63
Pump Science Ecosystem,402729.0,486.0,-3.88
America.fun Launchpad,396489.0,28789.0,-5.06
topblast.lol Ecosystem,382068.0,8599.0,-5.35
Decentralized Lottery,322848.0,1236.0,59.73
Duck-Themed,306484.0,832.0,-8.34
Kommunitas Launchpad,304732.0,19059.0,-1.18
STX.CITY Ecosystem,289919.0,201.0,2.96
Emoji-Themed,220853.0,2777.0,-13.61
HyperXpad Launchpad,170637.0,6117.0,-17.44
 DN-404,161917.0,2945.0,11.7
ERC20i,144004.0,741.0,-6.17
Eigenpie Ecosystem,135773.0,61.0,-3.94
Flaunch Ecosystem,134893.0,39.0,0.0
daos.fun Ecosystem,133658.0,239.0,-31.88
Reddit Points,128642.0,19.0,-70.56
Spore.fun Ecosystem,106124.0,15.0,-3.86
Strata Ecosystem,102330.0,894.0,0.02
Charms Ecosystem,99541.0,42.0,0.0
LP Tokens,94635.0,7131989.0,-61.61
aarna Vault Tokens,86686.0,0.0,0.01
Pools.fun Ecosystem,86595.0,2648.0,51.94
Farming Games,66989.0,730.0,-1.26
Kumbaya Launchpad,59090.0,639.0,-34.43
Dominion Market Ecosystem,51757.0,1848.0,-4.94
Recruitment,41114.0,83499.0,-2.82
Time.fun Ecosystem,28661.0,34.0,-2.35
Farming-as-a-Service (FaaS),20801.0,4.0,-4.02
Printr Launchpad,16238.0,384.0,-6.68
ETF,13630.0,4683.0,-0.07
Surge Launchpad,5079.0,95.0,-1.5
NFT Lending/Borrowing,4681.0,264.0,-14.89
Tokenized Closed-End Funds (CEFs),775.0,449.0,0.0
Bridged USDC,0.0,233169847.0,
BitStarters Launchpad,0.0,11.0,
Liquid Staked ETH,0.0,57255153.0,
Liquid Staked SOL,0.0,34191861.0,
Liquid Restaking Tokens,0.0,21597985.0,
Bridged USDT,0.0,856827327.0,
Bridged wstETH,0.0,2782556.0,
Bridged FRAX,0.0,120892.0,
Liquid Staked APT	,0.0,4615.0,
Liquid Restaked SOL,0.0,13253.0,
Bridged WAVAX,0.0,517.0,
Stove Ecosystem,0.0,10.0,
AquaBank Ecosystem,0.0,624661.0,
Liquid Restaked ETH,0.0,141118.0,
Bridged WETH,0.0,832988723.0,
Bridged WBTC,0.0,107040212.0,
Bridged WBNB,0.0,5361.0,
Multiplier Denominated Tokens,0.0,1822853.0,
Liquid Staked HYPE	,0.0,2950119.0,
Hyperunit Ecosystem,0.0,139623602.0,
Tower Defense Games,0.0,109.0,
Liquid Staked BTC,0.0,6918711.0,
Venus Ecosystem,0.0,0.0,
Fluid Ecosystem,0.0,65.0,
Neverland Ecosystem,0.0,1177216.0,
Binance-Peg Tokens,0.0,142120396.0,
Liquid Staked SUI,0.0,3553896.0,
Yearn Vault Tokens,0.0,0.0,
TRY Stablecoin,0.0,0.0,
Aave Tokens,0.0,1847262.0,
Compound Tokens,0.0,0.0,
Tokenized BTC,0.0,724524797.0,
ILS Stablecoin,,,
AED Stablecoin,,,
ClawPump Ecosystem,,,
RadarDex Launchpad,,,
Zerachain Ecosystem,,,
Citrea Ecosystem,,,
Shape Ecosystem,,,
Chia Ecosystem,,,
CROSS Ecosystem,,,
Kasplex Ecosystem,,,
Tempo Ecosystem,,,
OpenGPU Mainnet Ecosystem,,,
Fogo Ecosystem,,,
Klever Ecosystem,,,
Horizen Ecosystem,,,
Zama Gateway Mainnet Ecosystem,,,
Axiome Chain Ecosystem,,,
Canton Ecosystem,,,
KiteAI Ecosystem,,,
Minara.fun Launchpad,,,
Constellation Network Ecosystem,,,
Krown Network Ecosystem,,,
ENI Ecosystem,,,
ValueChain Ecosystem,,,
GRX Chain Ecosystem,,,
Learn to Earn,,,
Mantra EVM Ecosystem,,,
COTI Ecosystem,,,
Bittensor EVM Ecosystem,,,
Henesys Ecosystem,,,
Stable Ecosystem,,,
Areum Network Ecosystem,,,
BOB Network Ecosystem,,,
Koinos Ecosystem,,,
Monad Ecosystem,,,
CarrChain Ecosystem,,,
PLAYA3ULL Games Ecosystem,,,
Gate Fun Ecosystem,,,
MegaETH Ecosystem,,,
GateLayer Ecosystem,,,
0g Ecosystem,,,
Winr Ecosystem,,,
Superposition Ecosystem,,,
Nibiru Ecosystem,,,
Xone Ecosystem,,,
CrossFi Ecosystem,,,
Odyssey Ecosystem,,,
Lamina1 Ecosystem,,,
Plasma Ecosystem,,,
BESC HyperChain Ecosystem,,,
Somnia Ecosystem,,,
Codex Ecosystem,,,
Eventum Ecosystem,,,
HashKey Chain Ecosystem,,,
Goat Ecosystem,,,
Kinto Ecosystem,,,
Bayblon Genesis Ecosystem,,,
HPP Ecosystem,,,
DMEX Ecosystem,,,
Opinions.fun Ecosystem,,,
GUNZ Ecosystem,,,
TAC Ecosystem,,,
Glue Ecosystem,,,
MemeCore Ecosystem,,,
Quai Network Ecosystem,,,
Botanix Ecosystem,,,
Mezo Ecosystem,,,
Katana Ecosystem,,,
XRPL EVM Ecosystem,,,
Humanode Ecosystem,,,
IOTA Ecosystem,,,
Provenance Ecosystem,,,
Movement Ecosystem,,,
Peaq Ecosystem,,,
Hemi Ecosystem,,,
Reactive Network Ecosystem,,,
Hydration Ecosystem,,,
Haven1 Ecosystem,,,
Plume Network Ecosystem,,,
Voi Network Ecosystem,,,
Lens Ecosystem,,,
Supra Ecosystem,,,
Initia Ecosystem,,,
ADI Chain Ecosystem,,,
 Puzzle Games,,,
Ziliqa EVM Ecosystem,,,
Sonic SVM Ecosystem,,,
SX Rollup Ecosystem,,,
Graphite Network Ecosystem,,,
Zero Network Ecosystem,,,
HKD Stablecoin,,,
DeepBrain Chain Ecosystem,,,
Superseed Ecosystem,,,
Saga Ecosystem,,,
Electroneum Ecosystem,,,
EDU Chain Ecosystem,,,
Redbelly Network Ecosystem,,,
Pundi AIFX Omnilayer Ecosystem,,,
ICB Network Ecosystem,,,
Corn Ecosystem,,,
Gravity L1 Ecosystem,,,
HyperEVM Ecosystem,,,
Story Ecosystem,,,
Unichain Ecosystem,,,
HeLa Ecosystem,,,
Artela Ecosystem,,,
Shido Network Ecosystem,,,
Mantra Ecosystem,,,
Lisk Ecosystem,,,
Soneium Ecosystem,,,
Titanchain Ecosystem,,,
Vana Ecosystem,,,
Swellchain Ecosystem,,,
Ink Ecosystem,,,
Abstract Ecosystem,,,
Pharos Ecosystem,,,
Parex Network Ecosystem,,,
Doma Ecosystem,,,
Bitkub Ecosystem,,,
EVRmore Ecosystem,,,
Tokenized Bank Deposit,,,
Unit0 Network Ecosystem,,,
DuckChain Ecosystem,,,
AirDAO Ecosystem,,,
RSS3 VSL Ecosystem,,,
Eclipse Ecosystem,,,
Defiverse Ecosystem,,,
BSquared Network Ecosystem,,,
Laika Ecosystem,,,
Wax Ecosystem,,,
Kroma Ecosystem,,,
Bittensor Ecosystem,,,
Dungeon Chain Ecosystem,,,
Morph L2 Ecosystem,,,
ApeChain Ecosystem,,,
Taraxa Ecosystem,,,
Zenon Ecosystem,,,
World Chain Ecosystem,,,
8Bit Chain Ecosystem,,,
NFT Aggregator,,,
NFT AMM,,,
Qubic Ecosystem,,,
QL1 Ecosystem,,,
Kaspa Ecosystem,,,
Flow EVM Ecosystem,,,
Onchain Ecosystem,,,
Redstone Ecosystem,,,
PlatON Network Ecosystem,,,
Elysium Ecosystem,,,
Combo Ecosystem,,,
Larissa Ecosystem,,,
inEVM Ecosystem,,,
MultiVAC Ecosystem,,,
Alveychain Ecosystem,,,
GraphLinq Ecosystem,,,
DefiMetaChain Ecosystem,,,
MaxxChain Ecosystem,,,
Lung Ecosystem,,,
Moonchain Ecosystem,,,
ENULS Ecosystem,,,
Qitmeer Network Ecosystem,,,
Mint Ecosystem,,,
Jibchain Ecosystem,,,
Ham Ecosystem,,,
Sei Network Ecosystem,,,
Q Mainnet Ecosystem,,,
Cookie Chain Ecosystem,,,
Robinhood Ecosystem,,,
Cronos zkEVM Ecosystem,,,
BOT Chain Ecosystem,,,
Rari Ecosystem,,,
Anubis Ecosystem,,,
Zircuit Ecosystem,,,
XT Smart Chain Ecosystem,,,
ASC-20,,,
Index Coop Metaverse Index,,,
Etherlink Ecosystem,,,
Zano Ecosystem,,,
Mainnetz Ecosystem,,,
Cyber Ecosystem,,,
Saakuru Ecosystem,,,
Fluent Ecosystem,,,
AlienX Ecosystem,,,
IOTA EVM Ecosystem,,,
Genesys Network Ecosystem,,,
Haqq Network Ecosystem,,,
Vyvo Smart Chain Ecosystem,,,
Sonic Ecosystem,,,
Boba BNB Ecosystem,,,
Nahmii Ecosystem,,,
Hyperliquid Ecosystem,,,
Vanar Chain Ecosystem,,,
UTON Ecosystem,,,
Aelf Ecosystem,,,
Endurance Ecosystem,,,
Zedxion Ecosystem,,,
Re.al Ecosystem,,,
Omnia Ecosystem,,,
Sanko Ecosystem,,,
BounceBit Ecosystem,,,
Ancient8 Ecosystem,,,
Massa Ecosystem,,,
Oasis Sapphire Ecosystem,,,
Oasys Ecosystem,,,
Astar zkEVM Ecosystem,,,
X Layer Ecosystem,,,
DFK Chain Ecosystem,,,
Songbird Ecosystem,,,
Hydra Ecosystem,,,
VeChain Ecosystem,,,
Proof of Memes Ecosystem,,,
ThunderCore Ecosystem,,,
Bitrock Ecosystem,,,
Migaloo Ecosystem,,,
Fraxtal Ecosystem,,,
NEO Ecosystem,,,
Rootstock Ecosystem,,,
SmartBCH Ecosystem,,,
Elastos Smart Contract Chain Ecosystem,,,
Boba Network Ecosystem,,,
Syscoin NEVM Ecosystem,,,
BitTorrent Ecosystem,,,
Kucoin Community Chain Ecosystem,,,
opBNB Ecosystem,,,
LightLink Ecosystem,,,
Ethereum Classic Ecosystem,,,
Meter Ecosystem,,,
Wanchain Ecosystem,,,
Conflux Ecosystem,,,
ShimmerEVM Ecosystem,,,
Waves Ecosystem,,,
Flare Network Ecosystem,,,
EOS Ecosystem,,,
GalaChain Ecosystem,,,
Venom Ecosystem,,,
Skale Ecosystem,,,
Bahamut Ecosystem,,,
Oasis Emerald Ecosystem,,,
Viction Ecosystem,,,
OKT Chain Ecosystem,,,
Fuse Ecosystem,,,
Telos Ecosystem,,,
Astar Ecosystem,,,
Secret Ecosystem,,,
Milkomeda (Cardano) Ecosystem,,,
Terra Classic Ecosystem,,,
Huobi ECO Chain Ecosystem,,,
Evmos Ecosystem,,,
Polygon zkEVM Ecosystem,,,
Sora Ecosystem,,,
Energi Ecosystem,,,
Dogechain Ecosystem,,,
XRP Ledger Ecosystem,,,
Archway Ecosystem,,,
Aurora Ecosystem,,,
Core Ecosystem,,,
Oraichain Ecosystem,,,
zkLink Nova Ecosystem,,,
Tea Ecosystem,,,
Igra Ecosystem,,,
BEVM Ecosystem,,,
Bitlayer Ecosystem,,,
Atomicals (ARC-20),,,
Zora Ecosystem,,,
Flow Ecosystem,,,
Stacks Ecosystem,,,
Chromia Ecosystem,,,
Lukso Ecosystem,,,
Bitgert Ecosystem,,,
Mode Ecosystem,,,
Degen Ecosystem,,,
Beam Ecosystem,,,
Chiliz Ecosystem,,,
WEMIX Ecosystem,,,
Blast Ecosystem,,,
Merlin Chain Ecosystem,,,
XAI Ecosystem,,,
QIE Ecosystem,,,
Bitcichain Ecosystem,,,
Stellar Ecosystem,,,
BeamPrivacy Ecosystem,,,
Juno Ecosystem,,,
AtlantisChain Ecosystem,,,
Bitcoin Ecosystem,,,
Kava Ecosystem,,,
ZetaChain Ecosystem,,,
FONChain Ecosystem,,,
Berachain Ecosystem,,,
Radix Ecosystem,,,
Ergo Ecosystem,,,
Loopring Ecosystem,,,
Apex Chain Ecosystem,,,
Scroll Ecosystem,,,
Alephium Ecosystem,,,
Hedera Ecosystem,,,
Osmosis Ecosystem,,,
Manta Network Ecosystem,,,
Neon Ecosystem,,,
Starknet Ecosystem,,,
Injective Ecosystem,,,
Kadena Ecosystem,,,
Tron Ecosystem,,,
Theta Ecosystem,,,
Immutable zkEVM Ecosystem,,,
Ronin Ecosystem,,,
TON Ecosystem,,,
Floor Protocol Tokens,,,
Kujira Ecosystem,,,
Ultron Ecosystem,,,
Shibarium Ecosystem,,,
Friend.tech Ecosystem,,,
Base Ecosystem,,,
Linea Ecosystem,,,
Mantle Ecosystem,,,
Tenet Ecosystem,,,
Sui Ecosystem,,,
Aptos Ecosystem,,,
Canto Ecosystem,,,
Arc Ecosystem,,,
Step Network Ecosystem,,,
SHIFT Ecosystem,,,
EthereumPoW Ecosystem,,,
Internet Computer Ecosystem,,,
Kaia Ecosystem,,,
Velas Ecosystem,,,
Optimism Ecosystem,,,
Arbitrum Nova Ecosystem,,,
Metis Ecosystem,,,
Celer Network,,,
Algorand Ecosystem,,,
Cronos Ecosystem,,,
XDC Ecosystem,,,
Tezos Ecosystem,,,
MultiversX Ecosystem,,,
Ethereum Ecosystem,,,
Edgeware Ecosystem,,,
OEC Ecosystem,,,
Moonriver Ecosystem,,,
Cardano Ecosystem,,,
KardiaChain Ecosystem,,,
IoTeX Ecosystem,,,
Zilliqa Ecosystem,,,
Celo Ecosystem,,,
Arbitrum Ecosystem,,,
Harmony Ecosystem,,,
Fantom Ecosystem,,,
Gnosis Chain Ecosystem,,,
Near Protocol Ecosystem,,,
Polygon Ecosystem,,,
Terra Ecosystem,,,
Avalanche Ecosystem,,,
Solana Ecosystem,,,
HECO Chain Ecosystem,,,
Cosmos Ecosystem,,,
BNB Chain Ecosystem,,,
Polkadot Ecosystem,,,
OpenStock Ecosystem,,,
ZIGChain Ecosystem,,,
Gensyn Ecosystem,,,
