Exchange,24h Volume (B USD),Trust Score,Founded Year,Country
Binance,93301.61658044763,10,2017.0,Cayman Islands
Gate,22557.526568001074,10,2013.0,Panama
Bybit,18596.925598372683,10,2018.0,British Virgin Islands
Bitget,15800.406018840344,10,2018.0,Seychelles
OKX,12410.80181735052,10,2017.0,Seychelles
Coinbase Exchange,12005.19179044759,10,2012.0,United States
Kraken,6347.9579807475875,10,2011.0,United States
MEXC,23567.096518690494,9,2018.0,Seychelles
KuCoin,20614.480947747106,9,2017.0,Seychelles
HTX,17295.620143557728,9,2013.0,Seychelles
Crypto.com Exchange,12325.638299247057,9,2019.0,Malta
BingX,9664.863060418358,9,2018.0,British Virgin Islands
Bullish,9050.617839004859,9,2021.0,Gibraltar
Phemex,5312.594267682646,9,2019.0,Samoa
Bitstamp by Robinhood,2762.730545960207,9,2011.0,Luxembourg
Bitfinex,2598.0897500985207,9,2012.0,British Virgin Islands
HashKey Exchange,555.1089386255616,9,2018.0,Hong Kong
Gemini,376.6195108754475,9,2014.0,United States
Backpack Exchange ,233.4558510719553,9,2023.0,British Virgin Islands
BitMart,25901.26328347413,8,2017.0,Cayman Islands
CoinW,25958.443835575872,8,2017.0,United Arab Emirates
Coinstore,24569.41118844643,8,2020.0,British Virgin Islands
LBank,22491.424260859378,8,2015.0,British Virgin Islands
Tapbit,17662.57173541132,8,2019.0,United States
AscendEX (BitMax),15531.028342590915,7,2018.0,Romania
WEEX,15090.283893388792,8,2018.0,Singapore
Toobit,10491.480562199655,8,2022.0,Cayman Islands
WhiteBIT,10054.020703545011,8,2018.0,Lithuania
Hibt,8488.322277440033,8,2021.0,Canada
Ourbit,7932.068852448806,8,2020.0,British Virgin Islands
Bitunix,4342.077192034273,8,2021.0,Saint Vincent and the Grenadines
Bitrue,3880.3964889083923,8,2018.0,Seychelles
Tothemoon,2541.397711810909,8,2018.0,Lithuania
BitKan,1617.816579645415,8,2012.0,British Virgin Islands
CoinEx,1101.2127797671783,8,2017.0,Samoa
Bitbank,429.0506429994887,8,2016.0,Japan
LeveX,348.11579462410367,8,2023.0,Panama
Nonkyc.io,260.68350041595573,8,2023.0,Seychelles
Coins.ph,249.41309279264843,8,2014.0,Philippines
Bitcointry,185.55289077163505,8,2023.0,Seychelles
Bybit EU,149.17504253582234,8,2025.0,Austria
Indodax,134.70936409835235,8,2014.0,Indonesia
Deribit Spot,115.83803760435785,8,2016.0,Panama
CEX.IO,107.16206404579081,8,2013.0,United Kingdom
Binance US,62.29456541216051,8,2019.0,United States
Bitso,53.02120413356671,8,2014.0,Gibraltar
Luno,52.86081786185962,8,2013.0,Singapore
VALR,34.09223533551049,8,2018.0,South Africa
Bitlo,14.799511404918558,8,2018.0,Turkey
HashKey Global,10.263166847159773,8,2018.0,Bermuda
Arkham,6.298477940279087,8,2024.0,Dominican Republic
Pionex,31093.283606917506,7,2019.0,British Virgin Islands
KCEX,19809.081650688327,7,2021.0,Seychelles
XT.COM,17212.616690500094,7,2018.0,Seychelles
Hotcoin,16902.139044336076,7,2017.0,Seychelles
BVOX,15701.02165883477,7,2018.0,British Virgin Islands
DigiFinex,12634.179279473314,7,2018.0,Seychelles
BitDelta,12003.691435531098,7,2023.0,Vanuatu
OrangeX,11954.904655837085,7,2021.0,Seychelles
P2B,7899.296664622459,7,2018.0,Lithuania
Bithumb,5490.123990236765,7,2014.0,South Korea
Zoomex,5242.240520258721,7,2021.0,Seychelles
bitcastle,4446.633979056364,7,2019.0,Lithuania
CoinTR,2921.880943417418,7,2022.0,Turkey
BloFin,2448.815638920594,7,2023.0,Marshall Islands
BTSE,2381.6854762117987,7,2018.0,British Virgin Islands
BYDFi,1561.7268028968897,7,2020.0,Canada
PointPay,1515.9481933311813,7,2018.0,Saint Vincent and the Grenadines
QMall,1304.473405417167,7,2021.0,Lithuania
Bitvavo,1186.0919559757504,7,2018.0,Netherlands
Dex-Trade,1052.798315475409,7,2019.0,Belize
EXMO,1018.1123378217189,7,2014.0,Poland
OKJ,936.5190577109004,7,2017.0,Japan
bitFlyer,925.1763354813623,7,2014.0,Japan
Hyperliquid,860.7826023167675,7,2024.0,Cayman Islands
LCX Exchange,204.74107790565847,8,2020.0,Liechtenstein
BitoPro,198.2956147711708,7,2018.0,Taiwan
Korbit,157.2352407993118,6,2013.0,South Korea
Max Maicoin,112.5328245466761,7,2018.0,Taiwan
Ondo Global Markets,58.186385028119716,7,2025.0,British Virgin Islands
EarnBIT,53.97663306226373,7,2022.0,Lithuania
Foxbit,33.77731018100759,7,2014.0,Brazil
Nami Exchange,18.667487976085553,7,2017.0,Singapore
Gate US,18.421638292301374,7,2020.0,United States
WOO X,8.894430697503811,7,2019.0,Seychelles
One Trading,2.528425126882609,7,2019.0,Italy
BitMEX,1.859730884174035,7,2022.0,Seychelles
Biconomy.com,25932.851005453595,6,2019.0,British Virgin Islands
Azbit,19918.562201685192,6,2018.0,Seychelles
GroveX,10952.929865169119,6,2022.0,Australia
Deepcoin,9228.781007956148,6,2018.0,Seychelles
Poloniex,8530.350731543831,6,2014.0,Seychelles
Uniswap V3 (Arbitrum One),6370.612482984502,6,2021.0,
Trubit,5239.32076141803,6,2022.0,British Virgin Islands
Icrypex,5015.09187991346,6,2018.0,Turkey
Pancakeswap Infinity CLMM (BSC),4401.385964408504,6,,
BigONE,4025.564644525226,6,2017.0,Seychelles
SAFEbit,2766.069449721428,6,2018.0,Turkey
Uniswap V3 (BSC),2637.051158084972,6,2023.0,
Uniswap V3 (Ethereum),2548.1809108065268,6,2018.0,
