Exchange,24h Volume (B USD),Trust Score,Founded Year,Country
Coinbase Exchange,38335.96469898702,10,2012,United States
Kraken,26230.013290904375,10,2011,United States
Binance,168413.33784929596,10,2017,Cayman Islands
OKX,38813.99423460801,10,2017,Seychelles
MEXC,15560.85913034595,10,2018,Seychelles
Bitstamp by Robinhood,6143.778949359703,10,2011,Luxembourg
Bitget,14354.81066782582,9,2018,Seychelles
Gate,30671.401607179218,9,2013,Panama
Crypto.com Exchange,14182.36678451185,9,2019,Malta
Gemini,779.2784740915015,9,2014,United States
LBank,42134.289709686505,9,2015,British Virgin Islands
HashKey Exchange HK,1242.6586034040388,9,2018,Hong Kong
Bitvavo,6034.464995427359,9,2018,Netherlands
Bybit,31647.06922617588,9,2018,British Virgin Islands
Ourbit,24476.785120062417,9,2020,British Virgin Islands
KuCoin,22645.524576209493,9,2017,Seychelles
WhiteBIT,16155.406953967802,9,2018,Lithuania
Bitkub,737.775016391081,9,2018,Thailand
Toobit,28532.021561613165,8,2022,Cayman Islands
Bitunix,5615.552228193986,8,2021,Saint Vincent and the Grenadines
WEEX,36017.26012894822,8,2018,Singapore
Luno,209.74260164939116,8,2013,Singapore
Upbit,15645.265997356031,8,2017,South Korea
Bybit EU,521.7450195011471,8,2025,Austria
BingX,8495.835287767917,8,2018,British Virgin Islands
OSL Exchange,1349.666890167235,8,2018,Hong Kong
Bullish,18020.369308076104,8,2021,Gibraltar
Binance US,357.67776347962996,8,2019,United States
Bitso,338.16436115283256,8,2014,Gibraltar
Bitbank,503.39898318921695,8,2016,Japan
Bitfinex,5926.176075588126,8,2012,British Virgin Islands
Bit2Me,4434.322347506804,8,2014,Spain
Hotcoin,20398.331362822,8,2017,Seychelles
DigiFinex,23144.620588145743,8,2018,Seychelles
Niza.io,10872.254589294083,8,2021,Lithuania
CoinW,19792.083242950233,8,2017,
BitKan,1603.526530124316,8,2012,British Virgin Islands
Bitazza,283.83644947692466,8,2021,Thailand
P2B,2943.214662992379,8,2018,Lithuania
Byte Exchange,1147.9518399134531,8,2021,Estonia
Coinstore,3888.4555154894633,8,2020,British Virgin Islands
BYDFi,5756.098595222284,8,2020,Canada
Zoomex,7599.115067245885,8,2021,Seychelles
Bithumb,8579.858930915894,8,2014,South Korea
GMO Coin Japan,512.4831837039266,8,2017,Japan
VALR,246.65146805524844,7,2018,South Africa
Coins.ph,1257.4350254702006,7,2014,Philippines
CoinTR,1889.421640622429,7,2022,Turkey
BTSE,1102.7942491175309,7,2018,Costa Rica
HTX,14323.2224410575,7,2013,Seychelles
Deepcoin,9226.788199024684,7,2018,Seychelles
BitTrade,84.09258510033551,7,2016,Japan
OKJ,164.97794333106208,7,2017,Japan
HashKey Global,4.281644258209811,7,2018,Bermuda
Bitrue,7090.759010369889,7,2018,Seychelles
Backpack Exchange ,307.12596489901404,7,2023,British Virgin Islands
Azbit,22623.132584254956,7,2018,Seychelles
Max Maicoin,175.54177452463725,7,2018,Taiwan
Biconomy.com,26979.535695141945,7,2019,British Virgin Islands
XT.COM,25788.25616817339,7,2018,Seychelles
Phemex,10951.912281983654,7,2019,Samoa
LeveX,337.6583147858042,7,2023,Panama
Webot,147.98612196851704,7,2022,United States
BitoPro,288.92704339385637,7,2018,Taiwan
Bittime,222.17456780878322,7,2022,Indonesia
GroveX,13941.896909698275,7,2022,Australia
XBO.com,270.4283023051008,7,2022,Isle of Man
Hibt,9172.452932755694,7,2021,Canada
CEX.IO,567.4421750892816,7,2013,United Kingdom
Digital X,901.1660040461394,7,2013,South Korea
BtcTurk | Kripto,2580.9143336982966,7,2013,Turkey
BVOX,8676.834817977047,7,2018,British Virgin Islands
One Trading,1.8667624478792886,7,2019,Italy
Coincheck,657.3663082311643,7,2014,Japan
BloFin,24867.462496848457,7,2023,Marshall Islands
Independent Reserve,83.16173420477593,7,2013,Australia
Pionex,57162.1890533617,6,2019,British Virgin Islands
Koinpark,222.06663813752485,6,2023,India
Ondo Stocks,146.67212200675553,6,2025,British Virgin Islands
KCEX,26033.599091845295,6,2021,Seychelles
bitFlyer,453.9633903494069,6,2014,Japan
Websea,10353.685021340736,6,2023,British Virgin Islands
Coinone,2232.8203600522656,6,2016,South Korea
PointPay,1117.9266980759508,6,2018,Saint Vincent and the Grenadines
Deribit Spot,12420.784151752601,6,2016,Panama
Gate US,0.4071930850125789,6,2020,United States
Bitlo,23.080298754379434,6,2018,Turkey
Orbix,8.181792211225508,6,2017,Thailand
Hata,6.543995216352831,6,2023,Malaysia
Poloniex,14327.11473601243,6,2014,Seychelles
Tapbit,41694.09011954935,6,2019,United States
BitDelta,17863.950510947372,6,2023,Vanuatu
Blockchain.com,2.6630600437781446e-05,5,2012,United Kingdom
TokoCrypto,137.47150896278086,5,2017,Indonesia
Tokpie,162.5933948754414,5,2018,Hong Kong
Tothemoon,1921.325792149296,5,2018,Lithuania
Indodax,207.98053930994016,5,2014,Indonesia
BigONE,11815.735027289224,5,2017,Seychelles
WazirX,4.408375579857858,5,2018,India
Zaif,4.816016641580316,5,2015,Japan
